node,xx,yy
I1,0.934796609899,0.0475330243484
S1,0.912200157474,0.602578184683
S4,0.049748461248,0.531066421269
W7,0.23066764182,0.350533032986
W6,0.105289603086,0.0
W5,0.636415750599,0.543864518499
W4,0.999488828458,0.39631681274
W3,0.796495549244,0.263739627047
W2,1.0,0.229120836851
W1,0.874526412539,0.426728328244
W9,0.0,0.323699107978
W8,0.0270856682263,0.177101616051
